{
  "project_info": {
    "project_number": "122919613502",
    "project_id": "ustodo-d6dec",
    "storage_bucket": "ustodo-d6dec.firebasestorage.app"
  },
  "client": [
    {
      "client_info": {
        "mobilesdk_app_id": "1:122919613502:android:59bdcf330b623fa5e80d6f",
        "android_client_info": {
          "package_name": "android.label.ustodo_app"
        }
      },
      "oauth_client": [],
      "api_key": [
        {
          "current_key": "AIzaSyABfsaBCYoNjXlsT23D-M3eO5CPFnvre2s"
        }
      ],
      "services": {
        "appinvite_service": {
          "other_platform_oauth_client": []
        }
      }
    }
  ],
  "configuration_version": "1"
}